{
    "name": "root",
    "gauges": {
        "Volleyball.Policy.Entropy.mean": {
            "value": 2.1876373291015625,
            "min": 2.1876373291015625,
            "max": 2.1876373291015625,
            "count": 1
        },
        "Volleyball.Policy.Entropy.sum": {
            "value": 30607.232421875,
            "min": 30607.232421875,
            "max": 30607.232421875,
            "count": 1
        },
        "Volleyball.Environment.EpisodeLength.mean": {
            "value": 13.143149284253578,
            "min": 13.143149284253578,
            "max": 13.143149284253578,
            "count": 1
        },
        "Volleyball.Environment.EpisodeLength.sum": {
            "value": 12854.0,
            "min": 12854.0,
            "max": 12854.0,
            "count": 1
        },
        "Volleyball.Step.mean": {
            "value": 16199996.0,
            "min": 16199996.0,
            "max": 16199996.0,
            "count": 1
        },
        "Volleyball.Step.sum": {
            "value": 16199996.0,
            "min": 16199996.0,
            "max": 16199996.0,
            "count": 1
        },
        "Volleyball.Policy.ExtrinsicValueEstimate.mean": {
            "value": 0.6457766890525818,
            "min": 0.6457766890525818,
            "max": 0.6457766890525818,
            "count": 1
        },
        "Volleyball.Policy.ExtrinsicValueEstimate.sum": {
            "value": 630.923828125,
            "min": 630.923828125,
            "max": 630.923828125,
            "count": 1
        },
        "Volleyball.Environment.CumulativeReward.mean": {
            "value": 0.8769703017301789,
            "min": 0.8769703017301789,
            "max": 0.8769703017301789,
            "count": 1
        },
        "Volleyball.Environment.CumulativeReward.sum": {
            "value": 856.7999847903848,
            "min": 856.7999847903848,
            "max": 856.7999847903848,
            "count": 1
        },
        "Volleyball.Policy.ExtrinsicReward.mean": {
            "value": 0.8769703017301789,
            "min": 0.8769703017301789,
            "max": 0.8769703017301789,
            "count": 1
        },
        "Volleyball.Policy.ExtrinsicReward.sum": {
            "value": 856.7999847903848,
            "min": 856.7999847903848,
            "max": 856.7999847903848,
            "count": 1
        },
        "Volleyball.IsTraining.mean": {
            "value": 1.0,
            "min": 1.0,
            "max": 1.0,
            "count": 1
        },
        "Volleyball.IsTraining.sum": {
            "value": 1.0,
            "min": 1.0,
            "max": 1.0,
            "count": 1
        }
    },
    "metadata": {
        "timer_format_version": "0.1.0",
        "start_time_seconds": "1686924491",
        "python_version": "3.7.12 (default, Jul 28 2022, 11:17:07) \n[GCC 9.4.0]",
        "command_line_arguments": "/home/gianfranco/.local/bin/mlagents-learn ../config/Volleyball.yaml --resume",
        "mlagents_version": "0.29.0",
        "mlagents_envs_version": "0.29.0",
        "communication_protocol_version": "1.5.0",
        "pytorch_version": "1.8.1+cu102",
        "numpy_version": "1.21.2",
        "end_time_seconds": "1686924667"
    },
    "total": 176.362199471012,
    "count": 1,
    "self": 0.008139259007293731,
    "children": {
        "run_training.setup": {
            "total": 0.012793305009836331,
            "count": 1,
            "self": 0.012793305009836331
        },
        "TrainerController.start_learning": {
            "total": 176.34126690699486,
            "count": 1,
            "self": 0.0846948022954166,
            "children": {
                "TrainerController._reset_env": {
                    "total": 4.110495268017985,
                    "count": 1,
                    "self": 4.110495268017985
                },
                "TrainerController.advance": {
                    "total": 171.9296961746877,
                    "count": 2598,
                    "self": 0.07776098616886884,
                    "children": {
                        "env_step": {
                            "total": 158.69273423048435,
                            "count": 2598,
                            "self": 155.50502152487752,
                            "children": {
                                "SubprocessEnvManager._take_step": {
                                    "total": 3.1462532001023646,
                                    "count": 2598,
                                    "self": 0.13683661544928327,
                                    "children": {
                                        "TorchPolicy.evaluate": {
                                            "total": 3.0094165846530814,
                                            "count": 1433,
                                            "self": 0.467220769089181,
                                            "children": {
                                                "TorchPolicy.sample_actions": {
                                                    "total": 2.5421958155639004,
                                                    "count": 1433,
                                                    "self": 2.5421958155639004
                                                }
                                            }
                                        }
                                    }
                                },
                                "workers": {
                                    "total": 0.04145950550446287,
                                    "count": 2597,
                                    "self": 0.0,
                                    "children": {
                                        "worker_root": {
                                            "total": 175.93494048903813,
                                            "count": 2597,
                                            "is_parallel": true,
                                            "self": 24.236675603868207,
                                            "children": {
                                                "run_training.setup": {
                                                    "total": 0.0,
                                                    "count": 0,
                                                    "is_parallel": true,
                                                    "self": 0.0,
                                                    "children": {
                                                        "steps_from_proto": {
                                                            "total": 0.0006739049858879298,
                                                            "count": 1,
                                                            "is_parallel": true,
                                                            "self": 0.00031933997524902225,
                                                            "children": {
                                                                "_process_rank_one_or_two_observation": {
                                                                    "total": 0.00035456501063890755,
                                                                    "count": 2,
                                                                    "is_parallel": true,
                                                                    "self": 0.00035456501063890755
                                                                }
                                                            }
                                                        },
                                                        "UnityEnvironment.step": {
                                                            "total": 0.025480241019977257,
                                                            "count": 1,
                                                            "is_parallel": true,