{
    "name": "root",
    "gauges": {
        "Volleyball.Policy.Entropy.mean": {
            "value": 3.636082172393799,
            "min": 3.2527213096618652,
            "max": 3.860875368118286,
            "count": 1506
        },
        "Volleyball.Policy.Entropy.sum": {
            "value": 62802.41015625,
            "min": 55296.26171875,
            "max": 124520.203125,
            "count": 1506
        },
        "Volleyball.Environment.EpisodeLength.mean": {
            "value": 48.05,
            "min": 19.0,
            "max": 1098.2,
            "count": 1473
        },
        "Volleyball.Environment.EpisodeLength.sum": {
            "value": 1922.0,
            "min": 76.0,
            "max": 19844.0,
            "count": 1473
        },
        "Volleyball.Step.mean": {
            "value": 56719779.0,
            "min": 26619721.0,
            "max": 56719779.0,
            "count": 1506
        },
        "Volleyball.Step.sum": {
            "value": 56719779.0,
            "min": 26619721.0,
            "max": 56719779.0,
            "count": 1506
        },
        "Volleyball.Policy.ExtrinsicValueEstimate.mean": {
            "value": 0.19337555766105652,
            "min": -0.00038198960828594863,
            "max": 0.4109629690647125,
            "count": 1506
        },
        "Volleyball.Policy.ExtrinsicValueEstimate.sum": {
            "value": 11.215782165527344,
            "min": -0.0076397922821342945,
            "max": 32.529510498046875,
            "count": 1506
        },
        "Volleyball.Environment.CumulativeReward.mean": {
            "value": 0.9225000381469727,
            "min": 0.325000012293458,
            "max": 2.0,
            "count": 1473
        },
        "Volleyball.Environment.CumulativeReward.sum": {
            "value": 36.900001525878906,
            "min": 1.300000049173832,
            "max": 78.40000277012587,
            "count": 1473
        },
        "Volleyball.Policy.ExtrinsicReward.mean": {
            "value": 0.9225000381469727,
            "min": 0.325000012293458,
            "max": 2.0,
            "count": 1473
        },
        "Volleyball.Policy.ExtrinsicReward.sum": {
            "value": 36.900001525878906,
            "min": 1.300000049173832,
            "max": 78.40000277012587,
            "count": 1473
        },
        "Volleyball.IsTraining.mean": {
            "value": 1.0,
            "min": 1.0,
            "max": 1.0,
            "count": 1506
        },
        "Volleyball.IsTraining.sum": {
            "value": 1.0,
            "min": 1.0,
            "max": 1.0,
            "count": 1506
        },
        "Volleyball.Losses.PolicyLoss.mean": {
            "value": 0.016454523766878993,
            "min": 0.01126457327627577,
            "max": 0.025565023336093874,
            "count": 1326
        },
        "Volleyball.Losses.PolicyLoss.sum": {
            "value": 0.016454523766878993,
            "min": 0.01126457327627577,
            "max": 0.025565023336093874,
            "count": 1326
        },
        "Volleyball.Losses.ValueLoss.mean": {
            "value": 0.01343938009813428,
            "min": 2.9705318775086197e-05,
            "max": 0.02358032055199146,
            "count": 1326
        },
        "Volleyball.Losses.ValueLoss.sum": {
            "value": 0.01343938009813428,
            "min": 2.9705318775086197e-05,
            "max": 0.02358032055199146,
            "count": 1326
        },
        "Volleyball.Policy.LearningRate.mean": {
            "value": 0.0002,
            "min": 0.0002,
            "max": 0.00020000000000000006,
            "count": 1326
        },
        "Volleyball.Policy.LearningRate.sum": {
            "value": 0.0002,
            "min": 0.0002,
            "max": 0.00020000000000000006,
            "count": 1326
        },
        "Volleyball.Policy.Epsilon.mean": {
            "value": 0.15,
            "min": 0.15,
            "max": 0.15000000000000002,
            "count": 1326
        },
        "Volleyball.Policy.Epsilon.sum": {
            "value": 0.15,
            "min": 0.15,
            "max": 0.15000000000000002,
            "count": 1326
        },
        "Volleyball.Policy.Beta.mean": {
            "value": 0.003,
            "min": 0.0029999999999999996,
            "max": 0.003,
            "count": 1326
        },
        "Volleyball.Policy.Beta.sum": {
            "value": 0.003,
            "min": 0.0029999999999999996,
            "max": 0.003,
            "count": 1326
        }
    },
    "metadata": {
        "timer_format_version": "0.1.0",
        "start_time_seconds": "1687050730",
        "python_version": "3.7.12 (default, Jul 28 2022, 11:17:07) \n[GCC 9.4.0]",
        "command_line_arguments": "/home/gianfranco/.local/bin/mlagents-learn ../config/Volleyball.yaml --run-id=v1.1.0 --resume",
        "mlagents_version": "0.29.0",
        "mlagents_envs_version": "0.29.0",
        "communication_protocol_version": "1.5.0",
        "pytorch_version": "1.8.1+cu102",
        "numpy_version": "1.21.2",
        "end_time_seconds": "1687084766"
    },
    "total": 34036.21864893299,
    "count": 1,
    "self": 0.0052307749865576625,
    "children": {
        "run_training.setup": {
            "total": 0.01463381398934871,
            "count": 1,
            "self": 0.01463381398934871
        },
        "TrainerController.start_learning": {
            "total": 34036.198784344015,
            "count": 1,
            "self": 44.64112436451251,
            "children": {
                "TrainerController._reset_env": {
                    "total": 8.796574004983995,
                    "count": 1,
                    "self": 8.796574004983995
                },
                "TrainerController.advance": {
                    "total": 33982.637684818474,
                    "count": 1807911,
                    "self": 48.074357729929034,
                    "children": {
                        "env_step": {
                            "total": 21037.989425416803,
                            "count": 1807911,
                            "self": 17716.290972783056,
                            "children": {
                                "SubprocessEnvManager._take_step": {
                                    "total": 3294.2421889308607,
                                    "count": 1807911,
                                    "self": 122.57630764157511,
                                    "children": {
                                        "TorchPolicy.evaluate": {
                                            "total": 3171.6658812892856,
                                            "count": 1771817,
                                            "self": 494.9499926796998,
                                            "children": {
                                                "TorchPolicy.sample_actions": {
                                                    "total": 2676.715888609586,
                                                    "count": 1771817,
                                                    "self": 2676.715888609586
                                                }
                                            }
                                        }
                                    }
                                },
                                "workers": {
                                    "total": 27.456263702886645,
                                    "count": 1807911,
                                    "self": 0.0,
                                    "children": {
                                        "worker_root": {
                                            "total": 33977.37842952821,
                                            "count": 1807911,
                                            "is_parallel": true,
                                            "self": 19102.196805477433,