{
    "name": "root",
    "gauges": {
        "Volleyball.Policy.Entropy.mean": {
            "value": 3.9461617469787598,
            "min": 3.9461617469787598,
            "max": 3.987233877182007,
            "count": 5
        },
        "Volleyball.Policy.Entropy.sum": {
            "value": 79025.8359375,
            "min": 79025.8359375,
            "max": 80051.6953125,
            "count": 5
        },
        "Volleyball.Environment.EpisodeLength.mean": {
            "value": 7.083670169765562,
            "min": 6.996001599360256,
            "max": 7.124289195775792,
            "count": 5
        },
        "Volleyball.Environment.EpisodeLength.sum": {
            "value": 17525.0,
            "min": 17497.0,
            "max": 17540.0,
            "count": 5
        },
        "Volleyball.Step.mean": {
            "value": 99997.0,
            "min": 19995.0,
            "max": 99997.0,
            "count": 5
        },
        "Volleyball.Step.sum": {
            "value": 99997.0,
            "min": 19995.0,
            "max": 99997.0,
            "count": 5
        },
        "Volleyball.Policy.ExtrinsicValueEstimate.mean": {
            "value": 0.009951683692634106,
            "min": 0.0023203478194773197,
            "max": 0.04764360934495926,
            "count": 5
        },
        "Volleyball.Policy.ExtrinsicValueEstimate.sum": {
            "value": 24.620464324951172,
            "min": 5.7567830085754395,
            "max": 118.77552032470703,
            "count": 5
        },
        "Volleyball.Environment.CumulativeReward.mean": {
            "value": 0.014187552308906155,
            "min": 0.005757698451862579,
            "max": 0.014187552308906155,
            "count": 5
        },
        "Volleyball.Environment.CumulativeReward.sum": {
            "value": 35.10000441223383,
            "min": 14.40000382810831,
            "max": 35.10000441223383,
            "count": 5
        },
        "Volleyball.Policy.ExtrinsicReward.mean": {
            "value": 0.014187552308906155,
            "min": 0.005757698451862579,
            "max": 0.014187552308906155,
            "count": 5
        },
        "Volleyball.Policy.ExtrinsicReward.sum": {
            "value": 35.10000441223383,
            "min": 14.40000382810831,
            "max": 35.10000441223383,
            "count": 5
        },
        "Volleyball.IsTraining.mean": {
            "value": 1.0,
            "min": 1.0,
            "max": 1.0,
            "count": 5
        },
        "Volleyball.IsTraining.sum": {
            "value": 1.0,
            "min": 1.0,
            "max": 1.0,
            "count": 5
        },
        "Volleyball.Losses.PolicyLoss.mean": {
            "value": 0.013362527708522975,
            "min": 0.013362527708522975,
            "max": 0.02007923480705358,
            "count": 4
        },
        "Volleyball.Losses.PolicyLoss.sum": {
            "value": 0.013362527708522975,
            "min": 0.013362527708522975,
            "max": 0.02007923480705358,
            "count": 4
        },
        "Volleyball.Losses.ValueLoss.mean": {
            "value": 0.024611654924228787,
            "min": 0.024611654924228787,
            "max": 0.1656880428083241,
            "count": 4
        },
        "Volleyball.Losses.ValueLoss.sum": {
            "value": 0.024611654924228787,
            "min": 0.024611654924228787,
            "max": 0.1656880428083241,
            "count": 4
        },
        "Volleyball.Policy.LearningRate.mean": {
            "value": 0.0002,
            "min": 0.0002,
            "max": 0.0002,
            "count": 4
        },
        "Volleyball.Policy.LearningRate.sum": {
            "value": 0.0002,
            "min": 0.0002,
            "max": 0.0002,
            "count": 4
        },
        "Volleyball.Policy.Epsilon.mean": {
            "value": 0.15,
            "min": 0.15,
            "max": 0.15,
            "count": 4
        },
        "Volleyball.Policy.Epsilon.sum": {
            "value": 0.15,
            "min": 0.15,
            "max": 0.15,
            "count": 4
        },
        "Volleyball.Policy.Beta.mean": {
            "value": 0.003,
            "min": 0.003,
            "max": 0.003,
            "count": 4
        },
        "Volleyball.Policy.Beta.sum": {
            "value": 0.003,
            "min": 0.003,
            "max": 0.003,
            "count": 4
        }
    },
    "metadata": {
        "timer_format_version": "0.1.0",
        "start_time_seconds": "1687017119",
        "python_version": "3.7.12 (default, Jul 28 2022, 11:17:07) \n[GCC 9.4.0]",
        "command_line_arguments": "/home/gianfranco/.local/bin/mlagents-learn ../config/Volleyball.yaml --run-id=with_agent_rotation --run-id=v1.1.0",
        "mlagents_version": "0.29.0",
        "mlagents_envs_version": "0.29.0",
        "communication_protocol_version": "1.5.0",
        "pytorch_version": "1.8.1+cu102",
        "numpy_version": "1.21.2",
        "end_time_seconds": "1687017286"
    },
    "total": 166.81467378200614,
    "count": 1,
    "self": 0.004561075009405613,
    "children": {
        "run_training.setup": {
            "total": 0.011973993998253718,
            "count": 1,
            "self": 0.011973993998253718
        },
        "TrainerController.start_learning": {
            "total": 166.79813871299848,
            "count": 1,
            "self": 0.3583885914995335,
            "children": {
                "TrainerController._reset_env": {
                    "total": 8.803909085982013,
                    "count": 1,
                    "self": 8.803909085982013
                },
                "TrainerController.advance": {
                    "total": 157.46453649053,
                    "count": 13707,
                    "self": 0.31397774451761506,
                    "children": {
                        "env_step": {
                            "total": 101.9414235780132,
                            "count": 13707,
                            "self": 91.76320545145427,
                            "children": {
                                "SubprocessEnvManager._take_step": {
                                    "total": 10.000089734472567,
                                    "count": 13707,
                                    "self": 0.4418900484452024,
                                    "children": {
                                        "TorchPolicy.evaluate": {
                                            "total": 9.558199686027365,
                                            "count": 5901,
                                            "self": 1.4061626241600607,
                                            "children": {
                                                "TorchPolicy.sample_actions": {
                                                    "total": 8.152037061867304,
                                                    "count": 5901,
                                                    "self": 8.152037061867304
                                                }
                                            }
                                        }
                                    }
                                },
                                "workers": {
                                    "total": 0.17812839208636433,
                                    "count": 13706,
                                    "self": 0.0,
                                    "children": {
                                        "worker_root": {
                                            "total": 166.21879996612552,
                                            "count": 13706,
                                            "is_parallel": true,
                                            "self": 89.88352642173413,