{
    "name": "root",
    "metadata": {
        "timer_format_version": "0.1.0",
        "start_time_seconds": "1687452977",
        "python_version": "3.7.12 (default, Jul 28 2022, 11:17:07) \n[GCC 9.4.0]",
        "command_line_arguments": "/home/gianfranco/.local/bin/mlagents-learn ../config/Volleyball.yaml --run-id=v3.0.0-remove-last-hitter-check --resume",
        "mlagents_version": "0.29.0",
        "mlagents_envs_version": "0.29.0",
        "communication_protocol_version": "1.5.0",
        "pytorch_version": "1.8.1+cu102",
        "numpy_version": "1.21.2",
        "end_time_seconds": "1687453003"
    },
    "total": 26.512436376000096,
    "count": 1,
    "self": 0.004885786000386361,
    "children": {
        "run_training.setup": {
            "total": 0.017715775999931793,
            "count": 1,
            "self": 0.017715775999931793
        },
        "TrainerController.start_learning": {
            "total": 26.489834813999778,
            "count": 1,
            "self": 0.004155211001489079,
            "children": {
                "TrainerController._reset_env": {
                    "total": 4.0007336890000715,
                    "count": 1,
                    "self": 4.0007336890000715
                },
                "TrainerController.advance": {
                    "total": 22.33356052299837,
                    "count": 138,
                    "self": 0.004063709000092786,
                    "children": {
                        "env_step": {
                            "total": 21.657628217999672,
                            "count": 138,
                            "self": 21.406936082999664,
                            "children": {
                                "SubprocessEnvManager._take_step": {
                                    "total": 0.2486559710007441,
                                    "count": 138,
                                    "self": 0.009601416001942198,
                                    "children": {
                                        "TorchPolicy.evaluate": {
                                            "total": 0.2390545549988019,
                                            "count": 105,
                                            "self": 0.0341531109997959,
                                            "children": {
                                                "TorchPolicy.sample_actions": {
                                                    "total": 0.204901443999006,
                                                    "count": 105,
                                                    "self": 0.204901443999006
                                                }
                                            }
                                        }
                                    }
                                },
                                "workers": {
                                    "total": 0.0020361639992643177,
                                    "count": 137,
                                    "self": 0.0,
                                    "children": {
                                        "worker_root": {
                                            "total": 26.166247547999774,
                                            "count": 137,
                                            "is_parallel": true,
                                            "self": 5.298986953000849,
                                            "children": {
                                                "run_training.setup": {
                                                    "total": 0.0,
                                                    "count": 0,
                                                    "is_parallel": true,
                                                    "self": 0.0,
                                                    "children": {
                                                        "steps_from_proto": {
                                                            "total": 0.0010015160000875767,
                                                            "count": 1,
                                                            "is_parallel": true,
                                                            "self": 0.00041272100020250946,
                                                            "children": {
                                                                "_process_rank_one_or_two_observation": {
                                                                    "total": 0.0005887949998850672,
                                                                    "count": 2,
                                                                    "is_parallel": true,
                                                                    "self": 0.0005887949998850672
                                                                }
                                                            }
                                                        },
                                                        "UnityEnvironment.step": {
                                                            "total": 0.029640341999993325,
                                                            "count": 1,
                                                            "is_parallel": true,
                                                            "self": 0.000343245999829378,
                                                            "children": {
                                                                "UnityEnvironment._generate_step_input": {
                                                                    "total": 0.000954163999949742,
                                                                    "count": 1,
                                                                    "is_parallel": true,
                                                                    "self": 0.000954163999949742
                                                                },
                                                                "communicator.exchange": {
                                                                    "total": 0.02745817900017755,
                                                                    "count": 1,
                                                                    "is_parallel": true,
                                                                    "self": 0.02745817900017755
                                                                },
                                                                "steps_from_proto": {
                                                                    "total": 0.0008847530000366532,
                                                                    "count": 1,
                                                                    "is_parallel": true,
                                                                    "self": 0.0003692610002872243,
                                                                    "children": {
                                                                        "_process_rank_one_or_two_observation": {
                                                                            "total": 0.0005154919997494289,
                                                                            "count": 2,
                                                                            "is_parallel": true,