{
    "name": "root",
    "metadata": {
        "timer_format_version": "0.1.0",
        "start_time_seconds": "1687512070",
        "python_version": "3.7.12 (default, Jul 28 2022, 11:17:07) \n[GCC 9.4.0]",
        "command_line_arguments": "/home/gianfranco/.local/bin/mlagents-learn ../config/Volleyball.yaml --run-id=v3.0.1-with-fixed-server-position-2 --resume",
        "mlagents_version": "0.29.0",
        "mlagents_envs_version": "0.29.0",
        "communication_protocol_version": "1.5.0",
        "pytorch_version": "1.8.1+cu102",
        "numpy_version": "1.21.2",
        "end_time_seconds": "1687512152"
    },
    "total": 82.43737978699937,
    "count": 1,
    "self": 0.003806387998338323,
    "children": {
        "run_training.setup": {
            "total": 0.012406268000631826,
            "count": 1,
            "self": 0.012406268000631826
        },
        "TrainerController.start_learning": {
            "total": 82.4211671310004,
            "count": 1,
            "self": 0.006090439001127379,
            "children": {
                "TrainerController._reset_env": {
                    "total": 12.249444312999913,
                    "count": 1,
                    "self": 12.249444312999913
                },
                "TrainerController.advance": {
                    "total": 70.05294153999967,
                    "count": 205,
                    "self": 0.005907856995690963,
                    "children": {
                        "env_step": {
                            "total": 69.41352989200095,
                            "count": 205,
                            "self": 69.10039224199318,
                            "children": {
                                "SubprocessEnvManager._take_step": {
                                    "total": 0.3104642760099523,
                                    "count": 205,
                                    "self": 0.012023821000184398,
                                    "children": {
                                        "TorchPolicy.evaluate": {
                                            "total": 0.2984404550097679,
                                            "count": 141,
                                            "self": 0.040979146006066,
                                            "children": {
                                                "TorchPolicy.sample_actions": {
                                                    "total": 0.2574613090037019,
                                                    "count": 141,
                                                    "self": 0.2574613090037019
                                                }
                                            }
                                        }
                                    }
                                },
                                "workers": {
                                    "total": 0.0026733739978226367,
                                    "count": 204,
                                    "self": 0.0,
                                    "children": {
                                        "worker_root": {
                                            "total": 26.55757120299677,
                                            "count": 204,
                                            "is_parallel": true,
                                            "self": 13.58722719898833,
                                            "children": {
                                                "run_training.setup": {
                                                    "total": 0.0,
                                                    "count": 0,
                                                    "is_parallel": true,
                                                    "self": 0.0,
                                                    "children": {
                                                        "steps_from_proto": {
                                                            "total": 0.0007825829998182599,
                                                            "count": 1,
                                                            "is_parallel": true,
                                                            "self": 0.0003218449983251048,
                                                            "children": {
                                                                "_process_rank_one_or_two_observation": {
                                                                    "total": 0.000460738001493155,
                                                                    "count": 2,
                                                                    "is_parallel": true,
                                                                    "self": 0.000460738001493155
                                                                }
                                                            }
                                                        },
                                                        "UnityEnvironment.step": {
                                                            "total": 0.021104753001054632,
                                                            "count": 1,
                                                            "is_parallel": true,
                                                            "self": 0.0001809330005926313,
                                                            "children": {
                                                                "UnityEnvironment._generate_step_input": {
                                                                    "total": 0.0006642629996349569,
                                                                    "count": 1,
                                                                    "is_parallel": true,
                                                                    "self": 0.0006642629996349569
                                                                },
                                                                "communicator.exchange": {
                                                                    "total": 0.0197557390001748,
                                                                    "count": 1,
                                                                    "is_parallel": true,
                                                                    "self": 0.0197557390001748
                                                                },
                                                                "steps_from_proto": {
                                                                    "total": 0.0005038180006522452,
                                                                    "count": 1,
                                                                    "is_parallel": true,
                                                                    "self": 0.00019950999922002666,
                                                                    "children": {
                                                                        "_process_rank_one_or_two_observation": {
                                                                            "total": 0.0003043080014322186,
                                                                            "count": 2,
                                                                            "is_parallel": true,