{
    "name": "root",
    "metadata": {
        "timer_format_version": "0.1.0",
        "start_time_seconds": "1687892936",
        "python_version": "3.7.12 (default, Jul 28 2022, 11:17:07) \n[GCC 9.4.0]",
        "command_line_arguments": "/home/gianfranco/.local/bin/mlagents-learn ../config/Volleyball.yaml --run-id=simple-1v1-better-obs-smaller --force",
        "mlagents_version": "0.29.0",
        "mlagents_envs_version": "0.29.0",
        "communication_protocol_version": "1.5.0",
        "pytorch_version": "1.8.1+cu102",
        "numpy_version": "1.21.2",
        "end_time_seconds": "1687892957"
    },
    "total": 21.238115052008652,
    "count": 1,
    "self": 0.006967427005292848,
    "children": {
        "run_training.setup": {
            "total": 0.020466570000280626,
            "count": 1,
            "self": 0.020466570000280626
        },
        "TrainerController.start_learning": {
            "total": 21.21068105500308,
            "count": 1,
            "self": 0.015158546841121279,
            "children": {
                "TrainerController._reset_env": {
                    "total": 10.432912833013688,
                    "count": 1,
                    "self": 10.432912833013688
                },
                "TrainerController.advance": {
                    "total": 10.577404262148775,
                    "count": 535,
                    "self": 0.013873161195078865,
                    "children": {
                        "env_step": {
                            "total": 8.590789667039644,
                            "count": 535,
                            "self": 7.8403684543736745,
                            "children": {
                                "SubprocessEnvManager._take_step": {
                                    "total": 0.7430886288639158,
                                    "count": 535,
                                    "self": 0.022224984859349206,
                                    "children": {
                                        "TorchPolicy.evaluate": {
                                            "total": 0.7208636440045666,
                                            "count": 266,
                                            "self": 0.06824292709643487,
                                            "children": {
                                                "TorchPolicy.sample_actions": {
                                                    "total": 0.6526207169081317,
                                                    "count": 266,
                                                    "self": 0.6526207169081317
                                                }
                                            }
                                        }
                                    }
                                },
                                "workers": {
                                    "total": 0.007332583802053705,
                                    "count": 535,
                                    "self": 0.0,
                                    "children": {
                                        "worker_root": {
                                            "total": 21.021535952895647,
                                            "count": 535,
                                            "is_parallel": true,
                                            "self": 14.11853621789487,
                                            "children": {
                                                "run_training.setup": {
                                                    "total": 0.0,
                                                    "count": 0,
                                                    "is_parallel": true,
                                                    "self": 0.0,
                                                    "children": {
                                                        "steps_from_proto": {
                                                            "total": 0.0010080549982376397,
                                                            "count": 1,
                                                            "is_parallel": true,
                                                            "self": 0.0005038069939473644,
                                                            "children": {
                                                                "_process_rank_one_or_two_observation": {
                                                                    "total": 0.0005042480042902753,
                                                                    "count": 2,
                                                                    "is_parallel": true,
                                                                    "self": 0.0005042480042902753
                                                                }
                                                            }
                                                        },
                                                        "UnityEnvironment.step": {
                                                            "total": 0.034328150999499485,
                                                            "count": 1,
                                                            "is_parallel": true,
                                                            "self": 0.00018299098883289844,
                                                            "children": {
                                                                "UnityEnvironment._generate_step_input": {
                                                                    "total": 0.0006058500002836809,
                                                                    "count": 1,
                                                                    "is_parallel": true,
                                                                    "self": 0.0006058500002836809
                                                                },
                                                                "communicator.exchange": {
                                                                    "total": 0.03302216400334146,
                                                                    "count": 1,
                                                                    "is_parallel": true,
                                                                    "self": 0.03302216400334146
                                                                },
                                                                "steps_from_proto": {
                                                                    "total": 0.0005171460070414469,
                                                                    "count": 1,
                                                                    "is_parallel": true,
                                                                    "self": 0.00028618500800803304,
                                                                    "children": {
                                                                        "_process_rank_one_or_two_observation": {
                                                                            "total": 0.00023096099903341383,
                                                                            "count": 2,
                                                                            "is_parallel": true,