{
    "name": "root",
    "gauges": {
        "Volleyball.Policy.Entropy.mean": {
            "value": 3.982360601425171,
            "min": 3.982360601425171,
            "max": 3.9873833656311035,
            "count": 2
        },
        "Volleyball.Policy.Entropy.sum": {
            "value": 79615.3515625,
            "min": 79615.3515625,
            "max": 80054.6953125,
            "count": 2
        },
        "Volleyball.Environment.EpisodeLength.mean": {
            "value": 6.97526924611089,
            "min": 6.97526924611089,
            "max": 7.008807045636509,
            "count": 2
        },
        "Volleyball.Environment.EpisodeLength.sum": {
            "value": 17487.0,
            "min": 17487.0,
            "max": 17508.0,
            "count": 2
        },
        "Volleyball.Step.mean": {
            "value": 39992.0,
            "min": 19999.0,
            "max": 39992.0,
            "count": 2
        },
        "Volleyball.Step.sum": {
            "value": 39992.0,
            "min": 19999.0,
            "max": 39992.0,
            "count": 2
        },
        "Volleyball.Policy.ExtrinsicValueEstimate.mean": {
            "value": 0.0003475481062196195,
            "min": 0.0003475481062196195,
            "max": 0.04287673905491829,
            "count": 2
        },
        "Volleyball.Policy.ExtrinsicValueEstimate.sum": {
            "value": 0.8713030815124512,
            "min": 0.8713030815124512,
            "max": 107.06321716308594,
            "count": 2
        },
        "Volleyball.Environment.CumulativeReward.mean": {
            "value": 0.005863583380357174,
            "min": 0.005863583380357174,
            "max": 0.008650381886390958,
            "count": 2
        },
        "Volleyball.Environment.CumulativeReward.sum": {
            "value": 14.700003534555435,
            "min": 14.700003534555435,
            "max": 21.600003570318222,
            "count": 2
        },
        "Volleyball.Policy.ExtrinsicReward.mean": {
            "value": 0.005863583380357174,
            "min": 0.005863583380357174,
            "max": 0.008650381886390958,
            "count": 2
        },
        "Volleyball.Policy.ExtrinsicReward.sum": {
            "value": 14.700003534555435,
            "min": 14.700003534555435,
            "max": 21.600003570318222,
            "count": 2
        },
        "Volleyball.IsTraining.mean": {
            "value": 1.0,
            "min": 1.0,
            "max": 1.0,
            "count": 2
        },
        "Volleyball.IsTraining.sum": {
            "value": 1.0,
            "min": 1.0,
            "max": 1.0,
            "count": 2
        },
        "Volleyball.Losses.PolicyLoss.mean": {
            "value": 0.017344744177535176,
            "min": 0.017344744177535176,
            "max": 0.017344744177535176,
            "count": 1
        },
        "Volleyball.Losses.PolicyLoss.sum": {
            "value": 0.017344744177535176,
            "min": 0.017344744177535176,
            "max": 0.017344744177535176,
            "count": 1
        },
        "Volleyball.Losses.ValueLoss.mean": {
            "value": 0.18693524822592736,
            "min": 0.18693524822592736,
            "max": 0.18693524822592736,
            "count": 1
        },
        "Volleyball.Losses.ValueLoss.sum": {
            "value": 0.18693524822592736,
            "min": 0.18693524822592736,
            "max": 0.18693524822592736,
            "count": 1
        },
        "Volleyball.Policy.LearningRate.mean": {
            "value": 0.0002,
            "min": 0.0002,
            "max": 0.0002,
            "count": 1
        },
        "Volleyball.Policy.LearningRate.sum": {
            "value": 0.0002,
            "min": 0.0002,
            "max": 0.0002,
            "count": 1
        },
        "Volleyball.Policy.Epsilon.mean": {
            "value": 0.15,
            "min": 0.15,
            "max": 0.15,
            "count": 1
        },
        "Volleyball.Policy.Epsilon.sum": {
            "value": 0.15,
            "min": 0.15,
            "max": 0.15,
            "count": 1
        },
        "Volleyball.Policy.Beta.mean": {
            "value": 0.003,
            "min": 0.003,
            "max": 0.003,
            "count": 1
        },
        "Volleyball.Policy.Beta.sum": {
            "value": 0.003,
            "min": 0.003,
            "max": 0.003,
            "count": 1
        }
    },
    "metadata": {
        "timer_format_version": "0.1.0",
        "start_time_seconds": "1687096948",
        "python_version": "3.9.16 (main, Mar  8 2023, 10:39:24) [MSC v.1916 64 bit (AMD64)]",
        "command_line_arguments": "D:\\Archivio\\Anaconda3\\envs\\unity_env\\Scripts\\mlagents-learn Volleyball.yaml --run-id=negative-reward-double-toch --force",
        "mlagents_version": "0.30.0",
        "mlagents_envs_version": "0.30.0",
        "communication_protocol_version": "1.5.0",
        "pytorch_version": "1.7.1+cu110",
        "numpy_version": "1.21.2",
        "end_time_seconds": "1687097211"
    },
    "total": 262.2030544,
    "count": 1,
    "self": 0.005800999999962642,
    "children": {
        "run_training.setup": {
            "total": 0.08832240000000002,
            "count": 1,
            "self": 0.08832240000000002
        },
        "TrainerController.start_learning": {
            "total": 262.10893100000004,
            "count": 1,
            "self": 0.23728309999933117,
            "children": {
                "TrainerController._reset_env": {
                    "total": 31.8924226,
                    "count": 1,
                    "self": 31.8924226
                },
                "TrainerController.advance": {
                    "total": 229.69405000000074,
                    "count": 7588,
                    "self": 0.19633269999931713,
                    "children": {
                        "env_step": {
                            "total": 184.45891010000076,
                            "count": 7588,
                            "self": 157.08412309999994,
                            "children": {
                                "SubprocessEnvManager._take_step": {
                                    "total": 27.252628099999725,
                                    "count": 7589,
                                    "self": 0.41475199999916157,
                                    "children": {
                                        "TorchPolicy.evaluate": {
                                            "total": 26.837876100000564,
                                            "count": 3263,
                                            "self": 26.837876100000564
                                        }
                                    }
                                },
                                "workers": {
                                    "total": 0.12215890000110363,
                                    "count": 7587,
                                    "self": 0.0,
                                    "children": {
                                        "worker_root": {
                                            "total": 200.35943319999882,
                                            "count": 7587,
                                            "is_parallel": true,
                                            "self": 84.44476379999902,
                                            "children": {
                                                "steps_from_proto": {
                                                    "total": 0.0010095999999997218,
                                                    "count": 2,
                                                    "is_parallel": true,
                                                    "self": 0.0004983999999979005,